organism,mol_type,strain,host,country,note,id,sequence_name,product,pubmed_ids,sequence_length,isolation_source,clone,environmental_sample,collection_date,colony,type_material,Project,BioProject,gene,collected_by,PCR_primers,clone_lib,tissue_type,lat_lon,identified_by,isolate,altitude,dev_stage,culture_collection,iso_source2,group,taxon
Endozoicomonas euniceicola,genomic DNA,GFK78,Eunicea flexuosa,USA,"PCR_primers=fwd_name: 8F, rev_name: 1392R",OM273416.1,Endozoicomonas euniceicola strain GFK78,16S ribosomal RNA,,1144,Florida Keys,,,,,,,,,,,,,,,,,,,Florida Keys,OM273,1234143
Endozoicomonas gorgoniicola,genomic DNA,GFK69,Eunicea flexuosa,USA,"PCR_primers=fwd_name: 8F, rev_name: 1392R",OM273412.1,Endozoicomonas gorgoniicola strain GFK69,16S ribosomal RNA,,1284,Florida Keys,,,,,,,,,,,,,,,,,,,Florida Keys,OM273,1234144
uncultured Endozoicomonas sp.,genomic DNA,colony OS8,Stylophora pistillata,Japan,"PCR_primers=fwd_name: 968F, rev_name: 1391R",OL957540.1,Uncultured Endozoicomonas sp. clone OS8-3-3,16S ribosomal RNA,,419,Okinawa,OS8-3-3,,Sep-2017,colony OS8,,,,,,,,,,,,,,,Okinawa,OL957,432652
uncultured Endozoicomonas sp.,genomic DNA,colony OS8,Stylophora pistillata,Japan,"PCR_primers=fwd_name: 968F, rev_name: 1391R",OL957539.1,Uncultured Endozoicomonas sp. clone OS8-3-2,16S ribosomal RNA,,419,Okinawa,OS8-3-2,,Sep-2017,colony OS8,,,,,,,,,,,,,,,Okinawa,OL957,432652
uncultured Endozoicomonas sp.,genomic DNA,colony OS8,Stylophora pistillata,Japan,"PCR_primers=fwd_name: 968F, rev_name: 1391R",OL957538.1,Uncultured Endozoicomonas sp. clone OS8-3-1,16S ribosomal RNA,,419,Okinawa,OS8-3-1,,Sep-2017,colony OS8,,,,,,,,,,,,,,,Okinawa,OL957,432652
uncultured Endozoicomonas sp.,genomic DNA,colony OS8,Stylophora pistillata,Japan,"PCR_primers=fwd_name: 968F, rev_name: 1391R",OL957537.1,Uncultured Endozoicomonas sp. clone OS8-2-6,16S ribosomal RNA,,419,Okinawa,OS8-2-6,,Sep-2017,colony OS8,,,,,,,,,,,,,,,Okinawa,OL957,432652
uncultured Endozoicomonas sp.,genomic DNA,colony OS8,Stylophora pistillata,Japan,"PCR_primers=fwd_name: 968F, rev_name: 1391R",OL957536.1,Uncultured Endozoicomonas sp. clone OS8-2-5,16S ribosomal RNA,,419,Okinawa,OS8-2-5,,Sep-2017,colony OS8,,,,,,,,,,,,,,,Okinawa,OL957,432652
uncultured Endozoicomonas sp.,genomic DNA,colony OS8,Stylophora pistillata,Japan,"PCR_primers=fwd_name: 968F, rev_name: 1391R",OL957535.1,Uncultured Endozoicomonas sp. clone OS8-2-4,16S ribosomal RNA,,416,Okinawa,OS8-2-4,,Sep-2017,colony OS8,,,,,,,,,,,,,,,Okinawa,OL957,432652
uncultured Endozoicomonas sp.,genomic DNA,colony OS8,Stylophora pistillata,Japan,"PCR_primers=fwd_name: 968F, rev_name: 1391R",OL957534.1,Uncultured Endozoicomonas sp. clone OS8-2-3,16S ribosomal RNA,,419,Okinawa,OS8-2-3,,Sep-2017,colony OS8,,,,,,,,,,,,,,,Okinawa,OL957,432652
uncultured Endozoicomonas sp.,genomic DNA,colony OS8,Stylophora pistillata,Japan,"PCR_primers=fwd_name: 968F, rev_name: 1391R",OL957533.1,Uncultured Endozoicomonas sp. clone OS8-2-2,16S ribosomal RNA,,419,Okinawa,OS8-2-2,,Sep-2017,colony OS8,,,,,,,,,,,,,,,Okinawa,OL957,432652
uncultured Endozoicomonas sp.,genomic DNA,colony OS8,Stylophora pistillata,Japan,"PCR_primers=fwd_name: 968F, rev_name: 1391R",OL957532.1,Uncultured Endozoicomonas sp. clone OS8-2-1,16S ribosomal RNA,,419,Okinawa,OS8-2-1,,Sep-2017,colony OS8,,,,,,,,,,,,,,,Okinawa,OL957,432652
uncultured Endozoicomonas sp.,genomic DNA,colony OS8,Stylophora pistillata,Japan,"PCR_primers=fwd_name: 968F, rev_name: 1391R",OL957531.1,Uncultured Endozoicomonas sp. clone OS8-1-8,16S ribosomal RNA,,416,Okinawa,OS8-1-8,,Sep-2017,colony OS8,,,,,,,,,,,,,,,Okinawa,OL957,432652
uncultured Endozoicomonas sp.,genomic DNA,colony OS8,Stylophora pistillata,Japan,"PCR_primers=fwd_name: 968F, rev_name: 1391R",OL957530.1,Uncultured Endozoicomonas sp. clone OS8-1-7,16S ribosomal RNA,,415,Okinawa,OS8-1-7,,Sep-2017,colony OS8,,,,,,,,,,,,,,,Okinawa,OL957,432652
uncultured Endozoicomonas sp.,genomic DNA,colony OS8,Stylophora pistillata,Japan,"PCR_primers=fwd_name: 968F, rev_name: 1391R",OL957529.1,Uncultured Endozoicomonas sp. clone OS8-1-6,16S ribosomal RNA,,416,Okinawa,OS8-1-6,,Sep-2017,colony OS8,,,,,,,,,,,,,,,Okinawa,OL957,432652
uncultured Endozoicomonas sp.,genomic DNA,colony OS8,Stylophora pistillata,Japan,"PCR_primers=fwd_name: 968F, rev_name: 1391R",OL957528.1,Uncultured Endozoicomonas sp. clone OS8-1-5,16S ribosomal RNA,,416,Okinawa,OS8-1-5,,Sep-2017,colony OS8,,,,,,,,,,,,,,,Okinawa,OL957,432652
uncultured Endozoicomonas sp.,genomic DNA,colony OS8,Stylophora pistillata,Japan,"PCR_primers=fwd_name: 968F, rev_name: 1391R",OL957527.1,Uncultured Endozoicomonas sp. clone OS8-1-2,16S ribosomal RNA,,416,Okinawa,OS8-1-2,,Sep-2017,colony OS8,,,,,,,,,,,,,,,Okinawa,OL957,432652
uncultured Endozoicomonas sp.,genomic DNA,colony OS3,Stylophora pistillata,Japan,"PCR_primers=fwd_name: 968F, rev_name: 1391R",OL957526.1,Uncultured Endozoicomonas sp. clone OS3-3-14,16S ribosomal RNA,,416,Okinawa,OS3-3-14,,Sep-2017,colony OS3,,,,,,,,,,,,,,,Okinawa,OL957,432652
uncultured Endozoicomonas sp.,genomic DNA,colony OS3,Stylophora pistillata,Japan,"PCR_primers=fwd_name: 968F, rev_name: 1391R",OL957525.1,Uncultured Endozoicomonas sp. clone OS3-3-13,16S ribosomal RNA,,415,Okinawa,OS3-3-13,,Sep-2017,colony OS3,,,,,,,,,,,,,,,Okinawa,OL957,432652
uncultured Endozoicomonas sp.,genomic DNA,colony OS3,Stylophora pistillata,Japan,"PCR_primers=fwd_name: 968F, rev_name: 1391R",OL957524.1,Uncultured Endozoicomonas sp. clone OS3-3-12,16S ribosomal RNA,,416,Okinawa,OS3-3-12,,Sep-2017,colony OS3,,,,,,,,,,,,,,,Okinawa,OL957,432652
uncultured Endozoicomonas sp.,genomic DNA,colony OS3,Stylophora pistillata,Japan,"PCR_primers=fwd_name: 968F, rev_name: 1391R",OL957523.1,Uncultured Endozoicomonas sp. clone OS3-3-10,16S ribosomal RNA,,416,Okinawa,OS3-3-10,,Sep-2017,colony OS3,,,,,,,,,,,,,,,Okinawa,OL957,432652
uncultured Endozoicomonas sp.,genomic DNA,colony OS3,Stylophora pistillata,Japan,"PCR_primers=fwd_name: 968F, rev_name: 1391R",OL957522.1,Uncultured Endozoicomonas sp. clone OS3-3-5,16S ribosomal RNA,,416,Okinawa,OS3-3-5,,Sep-2017,colony OS3,,,,,,,,,,,,,,,Okinawa,OL957,432652
uncultured Endozoicomonas sp.,genomic DNA,colony OS3,Stylophora pistillata,Japan,"PCR_primers=fwd_name: 968F, rev_name: 1391R",OL957521.1,Uncultured Endozoicomonas sp. clone OS3-3-1,16S ribosomal RNA,,416,Okinawa,OS3-3-1,,Sep-2017,colony OS3,,,,,,,,,,,,,,,Okinawa,OL957,432652
uncultured Endozoicomonas sp.,genomic DNA,colony OS3,Stylophora pistillata,Japan,"PCR_primers=fwd_name: 968F, rev_name: 1391R",OL957520.1,Uncultured Endozoicomonas sp. clone OS3-2-2,16S ribosomal RNA,,437,Okinawa,OS3-2-2,,Sep-2017,colony OS3,,,,,,,,,,,,,,,Okinawa,OL957,432652
uncultured Endozoicomonas sp.,genomic DNA,colony OS3,Stylophora pistillata,Japan,"PCR_primers=fwd_name: 968F, rev_name: 1391R",OL957519.1,Uncultured Endozoicomonas sp. clone OS3-2-1,16S ribosomal RNA,,437,Okinawa,OS3-2-1,,Sep-2017,colony OS3,,,,,,,,,,,,,,,Okinawa,OL957,432652
uncultured Endozoicomonas sp.,genomic DNA,colony OS3,Stylophora pistillata,Japan,"PCR_primers=fwd_name: 968F, rev_name: 1391R",OL957518.1,Uncultured Endozoicomonas sp. clone OS3-1-6,16S ribosomal RNA,,416,Okinawa,OS3-1-6,,Sep-2017,colony OS3,,,,,,,,,,,,,,,Okinawa,OL957,432652
uncultured Endozoicomonas sp.,genomic DNA,colony OS3,Stylophora pistillata,Japan,"PCR_primers=fwd_name: 968F, rev_name: 1391R",OL957517.1,Uncultured Endozoicomonas sp. clone OS3-1-5,16S ribosomal RNA,,423,Okinawa,OS3-1-5,,Sep-2017,colony OS3,,,,,,,,,,,,,,,Okinawa,OL957,432652
uncultured Endozoicomonas sp.,genomic DNA,colony OS3,Stylophora pistillata,Japan,"PCR_primers=fwd_name: 968F, rev_name: 1391R",OL957516.1,Uncultured Endozoicomonas sp. clone OS3-1-4,16S ribosomal RNA,,419,Okinawa,OS3-1-4,,Sep-2017,colony OS3,,,,,,,,,,,,,,,Okinawa,OL957,432652
uncultured Endozoicomonas sp.,genomic DNA,colony OS3,Stylophora pistillata,Japan,"PCR_primers=fwd_name: 968F, rev_name: 1391R",OL957515.1,Uncultured Endozoicomonas sp. clone OS3-1-3,16S ribosomal RNA,,422,Okinawa,OS3-1-3,,Sep-2017,colony OS3,,,,,,,,,,,,,,,Okinawa,OL957,432652
uncultured Endozoicomonas sp.,genomic DNA,colony OS3,Stylophora pistillata,Japan,"PCR_primers=fwd_name: 968F, rev_name: 1391R",OL957514.1,Uncultured Endozoicomonas sp. clone OS3-1-1,16S ribosomal RNA,,434,Okinawa,OS3-1-1,,Sep-2017,colony OS3,,,,,,,,,,,,,,,Okinawa,OL957,432652
uncultured Endozoicomonas sp.,genomic DNA,colony OS2,Stylophora pistillata,Japan,"PCR_primers=fwd_name: 968F, rev_name: 1391R",OL957513.1,Uncultured Endozoicomonas sp. clone OS2-5-3,16S ribosomal RNA,,419,Okinawa,OS2-5-3,,Sep-2017,colony OS2,,,,,,,,,,,,,,,Okinawa,OL957,432652
uncultured Endozoicomonas sp.,genomic DNA,colony OS2,Stylophora pistillata,Japan,"PCR_primers=fwd_name: 968F, rev_name: 1391R",OL957512.1,Uncultured Endozoicomonas sp. clone OS2-5-2,16S ribosomal RNA,,419,Okinawa,OS2-5-2,,Sep-2017,colony OS2,,,,,,,,,,,,,,,Okinawa,OL957,432652
uncultured Endozoicomonas sp.,genomic DNA,colony OS2,Stylophora pistillata,Japan,"PCR_primers=fwd_name: 968F, rev_name: 1391R",OL957511.1,Uncultured Endozoicomonas sp. clone OS2-4-2,16S ribosomal RNA,,419,Okinawa,OS2-4-2,,Sep-2017,colony OS2,,,,,,,,,,,,,,,Okinawa,OL957,432652
uncultured Endozoicomonas sp.,genomic DNA,colony OS2,Stylophora pistillata,Japan,"PCR_primers=fwd_name: 968F, rev_name: 1391R",OL957510.1,Uncultured Endozoicomonas sp. clone OS2-4-1,16S ribosomal RNA,,419,Okinawa,OS2-4-1,,Sep-2017,colony OS2,,,,,,,,,,,,,,,Okinawa,OL957,432652
uncultured Endozoicomonas sp.,genomic DNA,colony OS2,Stylophora pistillata,Japan,"PCR_primers=fwd_name: 968F, rev_name: 1391R",OL957509.1,Uncultured Endozoicomonas sp. clone OS2-3-2,16S ribosomal RNA,,416,Okinawa,OS2-3-2,,Sep-2017,colony OS2,,,,,,,,,,,,,,,Okinawa,OL957,432652
uncultured Endozoicomonas sp.,genomic DNA,colony OS2,Stylophora pistillata,Japan,"PCR_primers=fwd_name: 968F, rev_name: 1391R",OL957508.1,Uncultured Endozoicomonas sp. clone OS2-3-1,16S ribosomal RNA,,416,Okinawa,OS2-3-1,,Sep-2017,colony OS2,,,,,,,,,,,,,,,Okinawa,OL957,432652
uncultured Endozoicomonas sp.,genomic DNA,colony OS2,Stylophora pistillata,Japan,"PCR_primers=fwd_name: 968F, rev_name: 1391R",OL957507.1,Uncultured Endozoicomonas sp. clone OS2-2-6,16S ribosomal RNA,,436,Okinawa,OS2-2-6,,Sep-2017,colony OS2,,,,,,,,,,,,,,,Okinawa,OL957,432652
uncultured Endozoicomonas sp.,genomic DNA,colony OS2,Stylophora pistillata,Japan,"PCR_primers=fwd_name: 968F, rev_name: 1391R",OL957506.1,Uncultured Endozoicomonas sp. clone OS2-2-3,16S ribosomal RNA,,437,Okinawa,OS2-2-3,,Sep-2017,colony OS2,,,,,,,,,,,,,,,Okinawa,OL957,432652
uncultured Endozoicomonas sp.,genomic DNA,colony OS2,Stylophora pistillata,Japan,"PCR_primers=fwd_name: 968F, rev_name: 1391R",OL957505.1,Uncultured Endozoicomonas sp. clone OS2-2-2,16S ribosomal RNA,,437,Okinawa,OS2-2-2,,Sep-2017,colony OS2,,,,,,,,,,,,,,,Okinawa,OL957,432652
uncultured Endozoicomonas sp.,genomic DNA,colony OS2,Stylophora pistillata,Japan,"PCR_primers=fwd_name: 968F, rev_name: 1391R",OL957504.1,Uncultured Endozoicomonas sp. clone OS2-2-1,16S ribosomal RNA,,437,Okinawa,OS2-2-1,,Sep-2017,colony OS2,,,,,,,,,,,,,,,Okinawa,OL957,432652
uncultured Endozoicomonas sp.,genomic DNA,colony OS2,Stylophora pistillata,Japan,"PCR_primers=fwd_name: 968F, rev_name: 1391R",OL957503.1,Uncultured Endozoicomonas sp. clone OS2-1-3,16S ribosomal RNA,,422,Okinawa,OS2-1-3,,Sep-2017,colony OS2,,,,,,,,,,,,,,,Okinawa,OL957,432652
uncultured Endozoicomonas sp.,genomic DNA,colony OS2,Stylophora pistillata,Japan,"PCR_primers=fwd_name: 968F, rev_name: 1391R",OL957502.1,Uncultured Endozoicomonas sp. clone OS2-1-2,16S ribosomal RNA,,420,Okinawa,OS2-1-2,,Sep-2017,colony OS2,,,,,,,,,,,,,,,Okinawa,OL957,432652
uncultured Endozoicomonas sp.,genomic DNA,colony KS7,Stylophora pistillata,Taiwan,"PCR_primers=fwd_name: 968F, rev_name: 1391R",OL957501.1,Uncultured Endozoicomonas sp. clone KS7-4-4,16S ribosomal RNA,,415,Kenting,KS7-4-4,,Sep-2017,colony KS7,,,,,,,,,,,,,,,Kenting,OL957,432652
uncultured Endozoicomonas sp.,genomic DNA,colony KS7,Stylophora pistillata,Taiwan,"PCR_primers=fwd_name: 968F, rev_name: 1391R",OL957500.1,Uncultured Endozoicomonas sp. clone KS7-4-3,16S ribosomal RNA,,416,Kenting,KS7-4-3,,Oct-2017,colony KS7,,,,,,,,,,,,,,,Kenting,OL957,432652
uncultured Endozoicomonas sp.,genomic DNA,colony KS7,Stylophora pistillata,Taiwan,"PCR_primers=fwd_name: 968F, rev_name: 1391R",OL957499.1,Uncultured Endozoicomonas sp. clone KS7-4-2,16S ribosomal RNA,,415,Kenting,KS7-4-2,,Oct-2017,colony KS7,,,,,,,,,,,,,,,Kenting,OL957,432652
uncultured Endozoicomonas sp.,genomic DNA,colony KS7,Stylophora pistillata,Taiwan,"PCR_primers=fwd_name: 968F, rev_name: 1391R",OL957498.1,Uncultured Endozoicomonas sp. clone KS7-4-1,16S ribosomal RNA,,415,Kenting,KS7-4-1,,Oct-2017,colony KS7,,,,,,,,,,,,,,,Kenting,OL957,432652
uncultured Endozoicomonas sp.,genomic DNA,colony KS7,Stylophora pistillata,Taiwan,"PCR_primers=fwd_name: 968F, rev_name: 1391R",OL957497.1,Uncultured Endozoicomonas sp. clone KS7-3-L2,16S ribosomal RNA,,422,Kenting,KS7-3-L2,,Oct-2017,colony KS7,,,,,,,,,,,,,,,Kenting,OL957,432652
uncultured Endozoicomonas sp.,genomic DNA,colony KS7,Stylophora pistillata,Taiwan,"PCR_primers=fwd_name: 968F, rev_name: 1391R",OL957496.1,Uncultured Endozoicomonas sp. clone KS7-3-3,16S ribosomal RNA,,422,Kenting,KS7-3-3,,Oct-2017,colony KS7,,,,,,,,,,,,,,,Kenting,OL957,432652
uncultured Endozoicomonas sp.,genomic DNA,colony KS7,Stylophora pistillata,Taiwan,"PCR_primers=fwd_name: 968F, rev_name: 1391R",OL957495.1,Uncultured Endozoicomonas sp. clone KS7-3-2,16S ribosomal RNA,,417,Kenting,KS7-3-2,,Oct-2017,colony KS7,,,,,,,,,,,,,,,Kenting,OL957,432652
uncultured Endozoicomonas sp.,genomic DNA,colony KS7,Stylophora pistillata,Taiwan,"PCR_primers=fwd_name: 968F, rev_name: 1391R",OL957494.1,Uncultured Endozoicomonas sp. clone KS7-2-5,16S ribosomal RNA,,421,Kenting,KS7-2-5,,Oct-2017,colony KS7,,,,,,,,,,,,,,,Kenting,OL957,432652
uncultured Endozoicomonas sp.,genomic DNA,colony KS7,Stylophora pistillata,Taiwan,"PCR_primers=fwd_name: 968F, rev_name: 1391R",OL957493.1,Uncultured Endozoicomonas sp. clone KS7-2-4,16S ribosomal RNA,,421,Kenting,KS7-2-4,,Oct-2017,colony KS7,,,,,,,,,,,,,,,Kenting,OL957,432652
uncultured Endozoicomonas sp.,genomic DNA,colony KS7,Stylophora pistillata,Taiwan,"PCR_primers=fwd_name: 968F, rev_name: 1391R",OL957492.1,Uncultured Endozoicomonas sp. clone KS7-2-3,16S ribosomal RNA,,422,Kenting,KS7-2-3,,Oct-2017,colony KS7,,,,,,,,,,,,,,,Kenting,OL957,432652
uncultured Endozoicomonas sp.,genomic DNA,colony KS4,Stylophora pistillata,Taiwan,"PCR_primers=fwd_name: 968F, rev_name: 1391R",OL957491.1,Uncultured Endozoicomonas sp. clone KS4-5-1,16S ribosomal RNA,,419,Kenting,KS4-5-1,,Oct-2017,colony KS4,,,,,,,,,,,,,,,Kenting,OL957,432652
uncultured Endozoicomonas sp.,genomic DNA,colony KS4,Stylophora pistillata,Taiwan,"PCR_primers=fwd_name: 968F, rev_name: 1391R",OL957490.1,Uncultured Endozoicomonas sp. clone KS4-4-2,16S ribosomal RNA,,420,Kenting,KS4-4-2,,Oct-2017,colony KS4,,,,,,,,,,,,,,,Kenting,OL957,432652
uncultured Endozoicomonas sp.,genomic DNA,colony KS4,Stylophora pistillata,Taiwan,"PCR_primers=fwd_name: 968F, rev_name: 1391R",OL957489.1,Uncultured Endozoicomonas sp. clone KS4-4-1,16S ribosomal RNA,,417,Kenting,KS4-4-1,,Oct-2017,colony KS4,,,,,,,,,,,,,,,Kenting,OL957,432652
uncultured Endozoicomonas sp.,genomic DNA,colony KS4,Stylophora pistillata,Taiwan,"PCR_primers=fwd_name: 968F, rev_name: 1391R",OL957488.1,Uncultured Endozoicomonas sp. clone KS4-3-3,16S ribosomal RNA,,417,Kenting,KS4-3-3,,Oct-2017,colony KS4,,,,,,,,,,,,,,,Kenting,OL957,432652
uncultured Endozoicomonas sp.,genomic DNA,colony KS4,Stylophora pistillata,Taiwan,"PCR_primers=fwd_name: 968F, rev_name: 1391R",OL957487.1,Uncultured Endozoicomonas sp. clone KS4-3-2,16S ribosomal RNA,,416,Kenting,KS4-3-2,,Oct-2017,colony KS4,,,,,,,,,,,,,,,Kenting,OL957,432652
uncultured Endozoicomonas sp.,genomic DNA,colony KS4,Stylophora pistillata,Taiwan,"PCR_primers=fwd_name: 968F, rev_name: 1391R",OL957486.1,Uncultured Endozoicomonas sp. clone KS4-3-1,16S ribosomal RNA,,419,Kenting,KS4-3-1,,Oct-2017,colony KS4,,,,,,,,,,,,,,,Kenting,OL957,432652
uncultured Endozoicomonas sp.,genomic DNA,colony KS4,Stylophora pistillata,Taiwan,"PCR_primers=fwd_name: 968F, rev_name: 1391R",OL957485.1,Uncultured Endozoicomonas sp. clone KS4-2-N9C,16S ribosomal RNA,,420,Kenting,KS4-2-N9C,,Oct-2017,colony KS4,,,,,,,,,,,,,,,Kenting,OL957,432652
uncultured Endozoicomonas sp.,genomic DNA,colony KS4,Stylophora pistillata,Taiwan,"PCR_primers=fwd_name: 968F, rev_name: 1391R",OL957484.1,Uncultured Endozoicomonas sp. clone KS4-2-N2C,16S ribosomal RNA,,420,Kenting,KS4-2-N2C,,Oct-2017,colony KS4,,,,,,,,,,,,,,,Kenting,OL957,432652
uncultured Endozoicomonas sp.,genomic DNA,colony KS4,Stylophora pistillata,Taiwan,"PCR_primers=fwd_name: 968F, rev_name: 1391R",OL957483.1,Uncultured Endozoicomonas sp. clone KS4-1-2C,16S ribosomal RNA,,415,Kenting,KS4-1-2C,,Oct-2017,colony KS4,,,,,,,,,,,,,,,Kenting,OL957,432652
uncultured Endozoicomonas sp.,genomic DNA,colony KS4,Stylophora pistillata,Taiwan,"PCR_primers=fwd_name: 968F, rev_name: 1391R",OL957482.1,Uncultured Endozoicomonas sp. clone KS4-1-1C,16S ribosomal RNA,,416,Kenting,KS4-1-1C,,Oct-2017,colony KS4,,,,,,,,,,,,,,,Kenting,OL957,432652
uncultured Endozoicomonas sp.,genomic DNA,colony KS1,Stylophora pistillata,Taiwan,"PCR_primers=fwd_name: 968F, rev_name: 1391R",OL957481.1,Uncultured Endozoicomonas sp. clone KS1-3-1,16S ribosomal RNA,,419,Kenting,KS1-3-1,,Oct-2017,colony KS1,,,,,,,,,,,,,,,Kenting,OL957,432652
uncultured Endozoicomonas sp.,genomic DNA,colony KS1,Stylophora pistillata,Taiwan,"PCR_primers=fwd_name: 968F, rev_name: 1391R",OL957480.1,Uncultured Endozoicomonas sp. clone KS1-2-4,16S ribosomal RNA,,423,Kenting,KS1-2-4,,Oct-2017,colony KS1,,,,,,,,,,,,,,,Kenting,OL957,432652
uncultured Endozoicomonas sp.,genomic DNA,colony KS1,Stylophora pistillata,Taiwan,"PCR_primers=fwd_name: 968F, rev_name: 1391R",OL957479.1,Uncultured Endozoicomonas sp. clone KS1-2-2,16S ribosomal RNA,,421,Kenting,KS1-2-2,,Oct-2017,colony KS1,,,,,,,,,,,,,,,Kenting,OL957,432652
uncultured Endozoicomonas sp.,genomic DNA,colony KS1,Stylophora pistillata,Taiwan,"PCR_primers=fwd_name: 968F, rev_name: 1391R",OL957478.1,Uncultured Endozoicomonas sp. clone KS1-2-1,16S ribosomal RNA,,421,Kenting,KS1-2-1,,Oct-2017,colony KS1,,,,,,,,,,,,,,,Kenting,OL957,432652
uncultured Endozoicomonas sp.,genomic DNA,colony KS1,Stylophora pistillata,Taiwan,"PCR_primers=fwd_name: 968F, rev_name: 1391R",OL957477.1,Uncultured Endozoicomonas sp. clone KS1-1-10,16S ribosomal RNA,,416,Kenting,KS1-1-10,,Oct-2017,colony KS1,,,,,,,,,,,,,,,Kenting,OL957,432652
uncultured Endozoicomonas sp.,genomic DNA,colony KS1,Stylophora pistillata,Taiwan,"PCR_primers=fwd_name: 968F, rev_name: 1391R",OL957476.1,Uncultured Endozoicomonas sp. clone KS1-1-3,16S ribosomal RNA,,417,Kenting,KS1-1-3,,Oct-2017,colony KS1,,,,,,,,,,,,,,,Kenting,OL957,432652
uncultured Endozoicomonas sp.,genomic DNA,colony KS1,Stylophora pistillata,Taiwan,"PCR_primers=fwd_name: 968F, rev_name: 1391R",OL957475.1,Uncultured Endozoicomonas sp. clone KS1-1-2,16S ribosomal RNA,,415,Kenting,KS1-1-2,,Oct-2017,colony KS1,,,,,,,,,,,,,,,Kenting,OL957,432652
uncultured Endozoicomonas sp.,genomic DNA,colony KS1,Stylophora pistillata,Taiwan,"PCR_primers=fwd_name: 968F, rev_name: 1391R",OL957474.1,Uncultured Endozoicomonas sp. clone KS1-1-1,16S ribosomal RNA,,417,Kenting,KS1-1-1,,Oct-2017,colony KS1,,,,,,,,,,,,,,,Kenting,OL957,432652
Endozoicomonas sp.,genomic DNA,G2_2,Acropora hemprichii,,,MW540619.1,Endozoicomonas sp. strain G2_2,16S ribosomal RNA,,999,,,,15-May-2018,,,,,,,,,,,,,,,,,MW540,1892382
Endozoicomonas sp.,genomic DNA,G2_1,Acropora cytherea,,,MW540618.1,Endozoicomonas sp. strain G2_1,16S ribosomal RNA,,1016,,,,15-May-2018,,,,,,,,,,,,,,,,,MW540,1892382
Endozoicomonas coralli,rRNA,Acr-12,Coral,,,NR_169415.1,Endozoicomonas coralli strain Acr-12,16S ribosomal RNA,30421027,1450,,,,,,type material of Endozoicomonas coralli,33175,PRJNA33175,,,,,,,,,,,,,NR_16,1715647
Endozoicomonas euniceicola,genomic DNA,EF212,Eunicea fusca,USA,,JX488684.2,Endozoicomonas euniceicola strain EF212,16S ribosomal RNA,23832969,1522,Hillsboro Ledge,,,02-Jun-2009,,type strain of Endozoicomonas euniceicola,,,,,,,,,,,,,,,JX488,1234143
Endozoicomonas gorgoniicola,genomic DNA,PS125,Plexaura sp.,Bahamas,,JX488685.1,Endozoicomonas gorgoniicola strain PS125,16S ribosomal RNA,23832969,1556,Tuna Alley (inside reef),,,05-Jun-2009,,type strain of Endozoicomonas gorgoniicola,,,,,,,,,,,,,,,JX488,1234144
Endozoicomonas acroporae,rRNA,Acr-14,Coral,,,NR_158127.1,Endozoicomonas acroporae strain Acr-14,16S ribosomal RNA,28879847,1452,,,,,,type strain of Endozoicomonas acroporae,33175,PRJNA33175,,,,,,,,,,,,,NR_15,1701104
Endozoicomonas montiporae CL-33,rRNA,CL-33,Coral,Taiwan,"PCR_primers=fwd_name: FD1, rev_name: RD1",NR_116609.1,Endozoicomonas montiporae CL-33,16S ribosomal RNA,19666790,1464,,,,,,type strain of Endozoicomonas montiporae,33175,PRJNA33175,,,,,,,,,,,,,NR_11,570277
Endozoicomonas sp.,genomic DNA,UMTGB213,Coral reef ecosystems,Malaysia,,MG896199.1,Endozoicomonas sp. strain UMTGB213,16S ribosomal RNA,,1393,,,,,,,,,,,,,,,,,,,,,MG896,1892382
Endozoicomonas sp.,genomic DNA,UMTGB117,Coral reef ecosystems,Malaysia,,MG896185.1,Endozoicomonas sp. strain UMTGB117,16S ribosomal RNA,,1450,,,,,,,,,,,,,,,,,,,,,MG896,1892382
Endozoicomonas sp.,genomic DNA,UMTGB108,Coral reef ecosystems,Malaysia,,MG896176.1,Endozoicomonas sp. strain UMTGB108,16S ribosomal RNA,,1391,,,,,,,,,,,,,,,,,,,,,MG896,1892382
Endozoicomonas sp.,genomic DNA,UMTGB103,Coral reef ecosystems,Malaysia,,MG896171.1,Endozoicomonas sp. strain UMTGB103,16S ribosomal RNA,,1409,,,,,,,,,,,,,,,,,,,,,MG896,1892382
Endozoicomonas sp.,genomic DNA,UMTGB101,Coral reef ecosystems,Malaysia,,MG896169.1,Endozoicomonas sp. strain UMTGB101,16S ribosomal RNA,,1407,,,,,,,,,,,,,,,,,,,,,MG896,1892382
uncultured Endozoicomonas sp.,genomic DNA,,Corallium rubrum,France,,KT964903.1,Uncultured Endozoicomonas sp. clone denovo13612,16S ribosomal RNA,27263657,327,,denovo13612,,,,,,,,,,,,,,,,,,,KT964,432652
Endozoicomonas coralli,genomic DNA,Acr-12,Coral,,,LN879492.1,Endozoicomonas sp. Acr-12 partial,16S ribosomal RNA,,1450,,,,,,type material of Endozoicomonas coralli,,,16S rRNA,,,,,,,,,,,,LN879,1715647
Endozoicomonas acroporae,genomic DNA,Acr-14,Coral,,,LN875493.1,Endozoicomonas sp. Acr-14 partial,16S ribosomal RNA,,1452,,,,,,type strain of Endozoicomonas acroporae,,,16S rRNA,,,,,,,,,,,,LN875,1701104
Endozoicomonas sp. SF204,genomic DNA,SF204,Coral mucus,,,KM360464.1,Endozoicomonas sp. SF204,16S ribosomal RNA,,1023,,,,,,,,,,,,,,,,,,,,,KM360,1537004
Endozoicomonas sp. SF102,genomic DNA,SF102,Coral mucus,,,KM360460.1,Endozoicomonas sp. SF102,16S ribosomal RNA,,733,,,,,,,,,,,,,,,,,,,,,KM360,1537003
Endozoicomonas sp. LC205,genomic DNA,LC205,Coral mucus,,,KM360453.1,Endozoicomonas sp. LC205,16S ribosomal RNA,,1128,,,,,,,,,,,,,,,,,,,,,KM360,1537002
uncultured Endozoicomonas sp.,genomic DNA,,Plexaura homomalla,USA,,KF428209.1,Uncultured Endozoicomonas sp. clone PH-LH7-L-AX,16S ribosomal RNA,,289,"Summerland Key, Florida",PH-LH7-L-AX,,Jun-2010,,,,,,L.Z. Santiago-Vazquez and D. Carreon,,,,,,,,,,"Summerland Key, Florida",KF428,432652
uncultured Endozoicomonas sp.,genomic DNA,,Plexaura homomalla,USA,,KF428205.1,Uncultured Endozoicomonas sp. clone PH-L-67AW2,16S ribosomal RNA,,289,"Summerland Key, Florida",PH-L-67AW2,,Jun-2010,,,,,,L.Z. Santiago-Vazquez and D. Carreon,,,,,,,,,,"Summerland Key, Florida",KF428,432652
uncultured Endozoicomonas sp.,genomic DNA,,Plexaura homomalla,USA,,KF428199.1,Uncultured Endozoicomonas sp. clone PH-H-14AT1,16S ribosomal RNA,,289,"Summerland Key, Florida",PH-H-14AT1,,Jun-2010,,,,,,L.Z. Santiago-Vazquez and D. Carreon,,,,,,,,,,"Summerland Key, Florida",KF428,432652
uncultured Endozoicomonas sp.,genomic DNA,,Plexaura homomalla,USA,,KF428186.1,Uncultured Endozoicomonas sp. clone PH-LH7-AG,16S ribosomal RNA,,289,"Summerland Key, Florida",PH-LH7-AG,,Jun-2010,,,,,,L.Z. Santiago-Vazquez and D. Carreon,,,,,,,,,,"Summerland Key, Florida",KF428,432652
uncultured Endozoicomonas sp.,genomic DNA,,Plexaura homomalla,USA,,KF428185.1,Uncultured Endozoicomonas sp. clone PH-LH7-AF,16S ribosomal RNA,,289,"Summerland Key, Florida",PH-LH7-AF,,Jun-2010,,,,,,L.Z. Santiago-Vazquez and D. Carreon,,,,,,,,,,"Summerland Key, Florida",KF428,432652
uncultured Endozoicomonas sp.,genomic DNA,,Plexaura homomalla,USA,,KF428183.1,Uncultured Endozoicomonas sp. clone PH-LH7-AE,16S ribosomal RNA,,288,"Summerland Key, Florida",PH-LH7-AE,,Jun-2010,,,,,,L.Z. Santiago-Vazquez and D. Carreon,,,,,,,,,,"Summerland Key, Florida",KF428,432652
uncultured Endozoicomonas sp.,genomic DNA,,Plexaura homomalla,USA,,KF428182.1,Uncultured Endozoicomonas sp. clone PH-LH7-36AD,16S ribosomal RNA,,289,"Summerland Key, Florida",PH-LH7-36AD,,Jun-2010,,,,,,L.Z. Santiago-Vazquez and D. Carreon,,,,,,,,,,"Summerland Key, Florida",KF428,432652
uncultured Endozoicomonas sp.,genomic DNA,,Plexaura homomalla,USA,,KF428180.1,Uncultured Endozoicomonas sp. clone PH-LH7-09AB,16S ribosomal RNA,,289,"Summerland Key, Florida",PH-LH7-09AB,,Jun-2010,,,,,,L.Z. Santiago-Vazquez and D. Carreon,,,,,,,,,,"Summerland Key, Florida",KF428,432652
uncultured Endozoicomonas sp.,genomic DNA,,Plexaura homomalla,USA,,KF428174.1,Uncultured Endozoicomonas sp. clone PH-C5-Y,16S ribosomal RNA,,289,"Summerland Key, Florida",PH-C5-Y,,Jun-2010,,,,,,L.Z. Santiago-Vazquez and D. Carreon,,,,,,,,,,"Summerland Key, Florida",KF428,432652
uncultured Endozoicomonas sp.,genomic DNA,,Plexaura homomalla,USA,,KF428166.1,Uncultured Endozoicomonas sp. clone PH-LH7-67T,16S ribosomal RNA,,289,"Summerland Key, Florida",PH-LH7-67T,,Jun-2010,,,,,,L.Z. Santiago-Vazquez and D. Carreon,,,,,,,,,,"Summerland Key, Florida",KF428,432652
uncultured Endozoicomonas sp.,genomic DNA,,Plexaura homomalla,USA,,KF428165.1,Uncultured Endozoicomonas sp. clone PH-LH7-3T,16S ribosomal RNA,,289,"Summerland Key, Florida",PH-LH7-3T,,Jun-2010,,,,,,L.Z. Santiago-Vazquez and D. Carreon,,,,,,,,,,"Summerland Key, Florida",KF428,432652
uncultured Endozoicomonas sp.,genomic DNA,,Plexaura homomalla,USA,,KF428160.1,Uncultured Endozoicomonas sp. clone PH-C5-38S,16S ribosomal RNA,,289,"Summerland Key, Florida",PH-C5-38S,,Jun-2010,,,,,,L.Z. Santiago-Vazquez and D. Carreon,,,,,,,,,,"Summerland Key, Florida",KF428,432652
uncultured Endozoicomonas sp.,genomic DNA,,Plexaura homomalla,USA,,KF428159.1,Uncultured Endozoicomonas sp. clone PH-LH5-71R,16S ribosomal RNA,,289,"Summerland Key, Florida",PH-LH5-71R,,Jun-2010,,,,,,L.Z. Santiago-Vazquez and D. Carreon,,,,,,,,,,"Summerland Key, Florida",KF428,432652
uncultured Endozoicomonas sp.,genomic DNA,,Plexaura homomalla,USA,,KF428158.1,Uncultured Endozoicomonas sp. clone PH-C5-31R,16S ribosomal RNA,,289,"Summerland Key, Florida",PH-C5-31R,,Jun-2010,,,,,,L.Z. Santiago-Vazquez and D. Carreon,,,,,,,,,,"Summerland Key, Florida",KF428,432652
uncultured Endozoicomonas sp.,genomic DNA,,Plexaura homomalla,USA,,KF428157.1,Uncultured Endozoicomonas sp. clone PH-LH7-Q,16S ribosomal RNA,,289,"Summerland Key, Florida",PH-LH7-Q,,Jun-2010,,,,,,L.Z. Santiago-Vazquez and D. Carreon,,,,,,,,,,"Summerland Key, Florida",KF428,432652
uncultured Endozoicomonas sp.,genomic DNA,,Plexaura homomalla,USA,,KF428156.1,Uncultured Endozoicomonas sp. clone PH-C5-P,16S ribosomal RNA,,289,"Summerland Key, Florida",PH-C5-P,,Jun-2010,,,,,,L.Z. Santiago-Vazquez and D. Carreon,,,,,,,,,,"Summerland Key, Florida",KF428,432652
uncultured Endozoicomonas sp.,genomic DNA,,Plexaura homomalla,USA,,KF428154.1,Uncultured Endozoicomonas sp. clone PH-C5-77P,16S ribosomal RNA,,289,"Summerland Key, Florida",PH-C5-77P,,Jun-2010,,,,,,L.Z. Santiago-Vazquez and D. Carreon,,,,,,,,,,"Summerland Key, Florida",KF428,432652
uncultured Endozoicomonas sp.,genomic DNA,,Plexaura homomalla,USA,,KF428153.1,Uncultured Endozoicomonas sp. clone PH-C5-LH5-O2,16S ribosomal RNA,,289,"Summerland Key, Florida",PH-C5-LH5-O2,,Jun-2010,,,,,,L.Z. Santiago-Vazquez and D. Carreon,,,,,,,,,,"Summerland Key, Florida",KF428,432652
uncultured Endozoicomonas sp.,genomic DNA,,Plexaura homomalla,USA,,KF428149.1,Uncultured Endozoicomonas sp. clone PH-C5-45M,16S ribosomal RNA,,289,"Summerland Key, Florida",PH-C5-45M,,Jun-2010,,,,,,L.Z. Santiago-Vazquez and D. Carreon,,,,,,,,,,"Summerland Key, Florida",KF428,432652
uncultured Endozoicomonas sp.,genomic DNA,,Plexaura homomalla,USA,,KF428146.1,Uncultured Endozoicomonas sp. clone PH-LH5-75K1,16S ribosomal RNA,,289,"Summerland Key, Florida",PH-LH5-75K1,,Jun-2010,,,,,,L.Z. Santiago-Vazquez and D. Carreon,,,,,,,,,,"Summerland Key, Florida",KF428,432652
uncultured Endozoicomonas sp.,genomic DNA,,Plexaura homomalla,USA,,KF428139.1,Uncultured Endozoicomonas sp. clone PH-C5-I,16S ribosomal RNA,,289,"Summerland Key, Florida",PH-C5-I,,Jun-2010,,,,,,L.Z. Santiago-Vazquez and D. Carreon,,,,,,,,,,"Summerland Key, Florida",KF428,432652
uncultured Endozoicomonas sp.,genomic DNA,,Plexaura homomalla,USA,,KF428138.1,Uncultured Endozoicomonas sp. clone PH-LH7-29H,16S ribosomal RNA,,289,"Summerland Key, Florida",PH-LH7-29H,,Jun-2010,,,,,,L.Z. Santiago-Vazquez and D. Carreon,,,,,,,,,,"Summerland Key, Florida",KF428,432652
uncultured Endozoicomonas sp.,genomic DNA,,Plexaura homomalla,USA,,KF428129.1,Uncultured Endozoicomonas sp. clone PH-C2-47D,16S ribosomal RNA,,289,"Summerland Key, Florida",PH-C2-47D,,Jun-2010,,,,,,L.Z. Santiago-Vazquez and D. Carreon,,,,,,,,,,"Summerland Key, Florida",KF428,432652
uncultured Endozoicomonas sp.,genomic DNA,,Plexaura homomalla,USA,,KF428128.1,Uncultured Endozoicomonas sp. clone PH-C2-44C,16S ribosomal RNA,,289,"Summerland Key, Florida",PH-C2-44C,,Jun-2010,,,,,,L.Z. Santiago-Vazquez and D. Carreon,,,,,,,,,,"Summerland Key, Florida",KF428,432652
uncultured Endozoicomonas sp.,genomic DNA,,Plexaura homomalla,USA,,KF428127.1,Uncultured Endozoicomonas sp. clone PH-C2-52B,16S ribosomal RNA,,289,"Summerland Key, Florida",PH-C2-52B,,Jun-2010,,,,,,L.Z. Santiago-Vazquez and D. Carreon,,,,,,,,,,"Summerland Key, Florida",KF428,432652
uncultured Endozoicomonas sp.,genomic DNA,,Stylophora pistillata,Taiwan,V1V2 region,JN848830.1,Uncultured Endozoicomonas sp. clone T679U5149,16S ribosomal RNA,,325,Yeh Liu,T679U5149,,,,,,,,,,,,,,,,,,Yeh Liu,JN848,432652
uncultured Endozoicomonas sp.,genomic DNA,,Stylophora pistillata,Taiwan,V1V2 region,JN635453.1,Uncultured Endozoicomonas sp. clone T679U3303,16S ribosomal RNA,,342,Green Island,T679U3303,,,,,,,,,,,,,,,,,,Green Island,JN635,432652
uncultured Endozoicomonas sp.,genomic DNA,,Stylophora pistillata,Taiwan,V1V2 region,JN635452.1,Uncultured Endozoicomonas sp. clone T679U3613,16S ribosomal RNA,,343,Green Island,T679U3613,,,,,,,,,,,,,,,,,,Green Island,JN635,432652
uncultured Endozoicomonas sp.,genomic DNA,,Stylophora pistillata,Taiwan,V1V2 region,JN635451.1,Uncultured Endozoicomonas sp. clone T679U228,16S ribosomal RNA,,344,Green Island,T679U228,,,,,,,,,,,,,,,,,,Green Island,JN635,432652
uncultured Endozoicomonas sp.,genomic DNA,,Stylophora pistillata,Taiwan,V1V2 region,JN635450.1,Uncultured Endozoicomonas sp. clone T679U351,16S ribosomal RNA,,344,Green Island,T679U351,,,,,,,,,,,,,,,,,,Green Island,JN635,432652
uncultured Endozoicomonas sp.,genomic DNA,,Stylophora pistillata,Taiwan,V1V2 region,JN635449.1,Uncultured Endozoicomonas sp. clone T679U4986,16S ribosomal RNA,,335,Green Island,T679U4986,,,,,,,,,,,,,,,,,,Green Island,JN635,432652
uncultured Endozoicomonas sp.,genomic DNA,,Stylophora pistillata,Taiwan,V1V2 region,JN635448.1,Uncultured Endozoicomonas sp. clone T679U3196,16S ribosomal RNA,,327,Green Island,T679U3196,,,,,,,,,,,,,,,,,,Green Island,JN635,432652
uncultured Endozoicomonas sp.,genomic DNA,,Stylophora pistillata,Taiwan,V1V2 region,JN635447.1,Uncultured Endozoicomonas sp. clone T679U3533,16S ribosomal RNA,,344,Green Island,T679U3533,,,,,,,,,,,,,,,,,,Green Island,JN635,432652
uncultured Endozoicomonas sp.,genomic DNA,,Stylophora pistillata,Taiwan,V1V2 region,JN635446.1,Uncultured Endozoicomonas sp. clone T679U113,16S ribosomal RNA,,341,Green Island,T679U113,,,,,,,,,,,,,,,,,,Green Island,JN635,432652
uncultured Endozoicomonas sp.,genomic DNA,,Stylophora pistillata,Taiwan,V1V2 region,JN635445.1,Uncultured Endozoicomonas sp. clone T679U6,16S ribosomal RNA,,343,Green Island,T679U6,,,,,,,,,,,,,,,,,,Green Island,JN635,432652
uncultured Endozoicomonas sp.,genomic DNA,,Stylophora pistillata,Taiwan,V1V2 region,JN635444.1,Uncultured Endozoicomonas sp. clone T679U122,16S ribosomal RNA,,341,Green Island,T679U122,,,,,,,,,,,,,,,,,,Green Island,JN635,432652
uncultured Endozoicomonas sp.,genomic DNA,,Stylophora pistillata,Taiwan,V1V2 region,JN635443.1,Uncultured Endozoicomonas sp. clone T679U3329,16S ribosomal RNA,,343,Green Island,T679U3329,,,,,,,,,,,,,,,,,,Green Island,JN635,432652
uncultured Endozoicomonas sp.,genomic DNA,,Stylophora pistillata,Taiwan,V1V2 region,JN635442.1,Uncultured Endozoicomonas sp. clone T679U3327,16S ribosomal RNA,,341,Green Island,T679U3327,,,,,,,,,,,,,,,,,,Green Island,JN635,432652
uncultured Endozoicomonas sp.,genomic DNA,,Stylophora pistillata,Taiwan,V1V2 region,JN635441.1,Uncultured Endozoicomonas sp. clone T679U163,16S ribosomal RNA,,343,Green Island,T679U163,,,,,,,,,,,,,,,,,,Green Island,JN635,432652
uncultured Endozoicomonas sp.,genomic DNA,,Stylophora pistillata,Taiwan,V1V2 region,JN635440.1,Uncultured Endozoicomonas sp. clone T679U3556,16S ribosomal RNA,,344,Green Island,T679U3556,,,,,,,,,,,,,,,,,,Green Island,JN635,432652
uncultured Endozoicomonas sp.,genomic DNA,,Stylophora pistillata,Taiwan,V1V2 region,JN635439.1,Uncultured Endozoicomonas sp. clone T679U3312,16S ribosomal RNA,,334,Green Island,T679U3312,,,,,,,,,,,,,,,,,,Green Island,JN635,432652
uncultured Endozoicomonas sp.,genomic DNA,,Stylophora pistillata,Taiwan,V1V2 region,JN635438.1,Uncultured Endozoicomonas sp. clone T679U3381,16S ribosomal RNA,,344,Green Island,T679U3381,,,,,,,,,,,,,,,,,,Green Island,JN635,432652
uncultured Endozoicomonas sp.,genomic DNA,,Stylophora pistillata,Taiwan,V1V2 region,JN635437.1,Uncultured Endozoicomonas sp. clone T679U192,16S ribosomal RNA,,342,Green Island,T679U192,,,,,,,,,,,,,,,,,,Green Island,JN635,432652
uncultured Endozoicomonas sp.,genomic DNA,,Stylophora pistillata,Taiwan,V1V2 region,JN635436.1,Uncultured Endozoicomonas sp. clone T679U4373,16S ribosomal RNA,,344,Kenting,T679U4373,,,,,,,,,,,,,,,,,,Ken Ting,JN635,432652
uncultured Endozoicomonas sp.,genomic DNA,,Stylophora pistillata,Taiwan,V1V2 region,JN635435.1,Uncultured Endozoicomonas sp. clone T679U4392,16S ribosomal RNA,,344,Kenting,T679U4392,,,,,,,,,,,,,,,,,,Ken Ting,JN635,432652
uncultured Endozoicomonas sp.,genomic DNA,,Stylophora pistillata,Taiwan,V1V2 region,JN635434.1,Uncultured Endozoicomonas sp. clone T679U4459,16S ribosomal RNA,,343,Kenting,T679U4459,,,,,,,,,,,,,,,,,,Ken Ting,JN635,432652
uncultured Endozoicomonas sp.,genomic DNA,,Stylophora pistillata,Taiwan,V1V2 region,JN635433.1,Uncultured Endozoicomonas sp. clone T679U3156,16S ribosomal RNA,,344,Kenting,T679U3156,,,,,,,,,,,,,,,,,,Ken Ting,JN635,432652
uncultured Endozoicomonas sp.,genomic DNA,,Stylophora pistillata,Taiwan,V1V2 region,JN635432.1,Uncultured Endozoicomonas sp. clone T679U4453,16S ribosomal RNA,,342,Kenting,T679U4453,,,,,,,,,,,,,,,,,,Ken Ting,JN635,432652
uncultured Endozoicomonas sp.,genomic DNA,,Stylophora pistillata,Taiwan,V1V2 region,JN635431.1,Uncultured Endozoicomonas sp. clone T679U3240,16S ribosomal RNA,,341,Kenting,T679U3240,,,,,,,,,,,,,,,,,,Ken Ting,JN635,432652
uncultured Endozoicomonas sp.,genomic DNA,,Stylophora pistillata,Taiwan,V1V2 region,JN635430.1,Uncultured Endozoicomonas sp. clone T679U4446,16S ribosomal RNA,,343,Kenting,T679U4446,,,,,,,,,,,,,,,,,,Ken Ting,JN635,432652
uncultured Endozoicomonas sp.,genomic DNA,,Stylophora pistillata,Taiwan,V1V2 region,JN635429.1,Uncultured Endozoicomonas sp. clone T679U3935,16S ribosomal RNA,,345,Kenting,T679U3935,,,,,,,,,,,,,,,,,,Ken Ting,JN635,432652
uncultured Endozoicomonas sp.,genomic DNA,,Stylophora pistillata,Taiwan,V1V2 region,JN635428.1,Uncultured Endozoicomonas sp. clone T679U3169,16S ribosomal RNA,,343,Kenting,T679U3169,,,,,,,,,,,,,,,,,,Ken Ting,JN635,432652
uncultured Endozoicomonas sp.,genomic DNA,,Stylophora pistillata,Taiwan,V1V2 region,JN635427.1,Uncultured Endozoicomonas sp. clone T679U3907,16S ribosomal RNA,,344,Kenting,T679U3907,,,,,,,,,,,,,,,,,,Ken Ting,JN635,432652
uncultured Endozoicomonas sp.,genomic DNA,,Stylophora pistillata,Taiwan,V1V2 region,JN635426.1,Uncultured Endozoicomonas sp. clone T679U3446,16S ribosomal RNA,,344,Kenting,T679U3446,,,,,,,,,,,,,,,,,,Ken Ting,JN635,432652
uncultured Endozoicomonas sp.,genomic DNA,,Stylophora pistillata,Taiwan,V1V2 region,JN635425.1,Uncultured Endozoicomonas sp. clone T679U3322,16S ribosomal RNA,,338,Kenting,T679U3322,,,,,,,,,,,,,,,,,,Ken Ting,JN635,432652
uncultured Endozoicomonas sp.,genomic DNA,,Stylophora pistillata,Taiwan,V1V2 region,JN635424.1,Uncultured Endozoicomonas sp. clone T679U3321,16S ribosomal RNA,,340,Kenting,T679U3321,,,,,,,,,,,,,,,,,,Ken Ting,JN635,432652
uncultured Endozoicomonas sp.,genomic DNA,,Stylophora pistillata,Taiwan,V1V2 region,JN635423.1,Uncultured Endozoicomonas sp. clone T679U3602,16S ribosomal RNA,,343,Kenting,T679U3602,,,,,,,,,,,,,,,,,,Ken Ting,JN635,432652
uncultured Endozoicomonas sp.,genomic DNA,,Stylophora pistillata,Taiwan,V1V2 region,JN635422.1,Uncultured Endozoicomonas sp. clone T679U3769,16S ribosomal RNA,,345,Kenting,T679U3769,,,,,,,,,,,,,,,,,,Ken Ting,JN635,432652
uncultured Endozoicomonas sp.,genomic DNA,,Stylophora pistillata,Taiwan,V1V2 region,JN635421.1,Uncultured Endozoicomonas sp. clone T679U4214,16S ribosomal RNA,,344,Kenting,T679U4214,,,,,,,,,,,,,,,,,,Ken Ting,JN635,432652
uncultured Endozoicomonas sp.,genomic DNA,,Stylophora pistillata,Taiwan,V1V2 region,JN635420.1,Uncultured Endozoicomonas sp. clone T679U3170,16S ribosomal RNA,,338,Kenting,T679U3170,,,,,,,,,,,,,,,,,,Ken Ting,JN635,432652
uncultured Endozoicomonas sp.,genomic DNA,,Stylophora pistillata,Taiwan,V1V2 region,JN635419.1,Uncultured Endozoicomonas sp. clone T679U4172,16S ribosomal RNA,,345,Kenting,T679U4172,,,,,,,,,,,,,,,,,,Ken Ting,JN635,432652
uncultured Endozoicomonas sp.,genomic DNA,,Stylophora pistillata,Taiwan,V1V2 region,JN635418.1,Uncultured Endozoicomonas sp. clone T679U4336,16S ribosomal RNA,,344,Kenting,T679U4336,,,,,,,,,,,,,,,,,,Ken Ting,JN635,432652
uncultured Endozoicomonas sp.,genomic DNA,,Stylophora pistillata,Taiwan,V1V2 region,JN635417.1,Uncultured Endozoicomonas sp. clone T679U3917,16S ribosomal RNA,,344,Kenting,T679U3917,,,,,,,,,,,,,,,,,,Ken Ting,JN635,432652
uncultured Endozoicomonas sp.,genomic DNA,,Stylophora pistillata,Taiwan,V1V2 region,JN635416.1,Uncultured Endozoicomonas sp. clone T679U3361,16S ribosomal RNA,,343,Kenting,T679U3361,,,,,,,,,,,,,,,,,,Ken Ting,JN635,432652
"Endozoicomonas sp. 5U3,1 2",genomic DNA,"5U3,1 2",Coral mucus,,"PCR_primers=fwd_name: 341F, rev_name: 907R",HM804435.1,"Endozoicimonas sp. 5U3,1 2",16S ribosomal RNA,,445,,,,18-Jun-2007,,,,,,,,,,,,,,,,,HM804,877033
Endozoicomonas montiporae CL-33,genomic DNA,CL-33,Coral,Taiwan,"type strain of Endozoicomonas montiporae; PCR_primers=fwd_name: FD1, rev_name: RD1",FJ347758.1,Endozoicomonas montiporae CL-33,16S ribosomal RNA,19666790,1464,,,,,,type strain of Endozoicomonas montiporae,,,,,,,,,,,,,,,FJ347,570277
Endozoicomonas montiporae CL-33,genomic DNA,CL-33,Coral,Taiwan,"type strain of Endozoicomonas montiporae; PCR_primers=fwd_name: FD1, rev_name: RD1",FJ347758.1,Endozoicomonas montiporae CL-33,16S ribosomal RNA,19666790,1464,,,,,,type strain of Endozoicomonas montiporae,,,,,,,,,,,,,,,FJ347,570277
uncultured bacterium,genomic DNA,,Montastraea faveolata,,,GU118644.1,Uncultured bacterium clone Mfav_I13,16S ribosomal RNA,20221265,1472,,Mfav_I13,,Mar-2008,,,,,,,"fwd_seq: agagtttgatcctggctcag, rev_seq: ggttaccttgttacgactt",,,,,,,,,,GU118,77133
uncultured bacterium,genomic DNA,,Diploria strigosa,,,GU118168.1,Uncultured bacterium clone Dstr_I24,16S ribosomal RNA,20221265,1469,,Dstr_I24,,Mar-2008,,,,,,,"fwd_seq: agagtttgatcctggctcag, rev_seq: ggttaccttgttacgactt",,,,,,,,,,GU118,77133
uncultured bacterium,genomic DNA,,Gorgonia ventalina,,,GU118379.1,Uncultured bacterium clone Gven_M09,16S ribosomal RNA,20221265,1462,,Gven_M09,,Mar-2008,,,,,,,"fwd_seq: agagtttgatcctggctcag, rev_seq: ggttaccttgttacgactt",,,,,,,,,,GU118,77133
uncultured bacterium,genomic DNA,,Acropora palmata,,,GU118072.1,Uncultured bacterium clone Apal_H17,16S ribosomal RNA,20221265,1479,,Apal_H17,,Mar-2008,,,,,,,"fwd_seq: agagtttgatcctggctcag, rev_seq: ggttaccttgttacgactt",,,,,,,,,,GU118,77133
uncultured bacterium,genomic DNA,,Gorgonia ventalina,,,GU118404.1,Uncultured bacterium clone Gven_C18,16S ribosomal RNA,20221265,1459,,Gven_C18,,Mar-2008,,,,,,,"fwd_seq: agagtttgatcctggctcag, rev_seq: ggttaccttgttacgactt",,,,,,,,,,GU118,77133
uncultured bacterium,genomic DNA,,Porites astreoides,,,GU118957.1,Uncultured bacterium clone Past_P01,16S ribosomal RNA,20221265,1444,,Past_P01,,Mar-2008,,,,,,,"fwd_seq: agagtttgatcctggctcag, rev_seq: ggttaccttgttacgactt",,,,,,,,,,GU118,77133
uncultured Gammaproteobacteria bacterium,genomic DNA,,Ianthella basta,,"PCR_primers=fwd_name: 63F, rev_name: 1492R",GU784983.1,Uncultured gamma proteobacterium clone H2,16S ribosomal RNA,20622129,1371,,H2,,,,,,,,,,,,,,,,,,,GU784,86473
uncultured bacterium,genomic DNA,,Porites astreoides,,,GU118966.1,Uncultured bacterium clone Past_B24,16S ribosomal RNA,20221265,1466,,Past_B24,,Mar-2008,,,,,,,"fwd_seq: agagtttgatcctggctcag, rev_seq: ggttaccttgttacgactt",,,,,,,,,,GU118,77133
Endozoicomonas numazuensis,genomic DNA,HC50,Haplosclerida gen. et sp.,Japan,type strain of Endozoicomonas numazuensis,AB695088.1,Endozoicomonas numazuensis gene for,16S ribosomal RNA,22544802,1466,"Shizuoka, Numazu",,,2001,,type strain of Endozoicomonas numazuensis,,,,,"fwd_name: 9F, fwd_seq: gagtttgatcctggctcag, rev_name: 1510R, rev_seq: ggctaccttgttacga",,,,,,,,,"Shizuoka, Numazu",AB695,1137799
Endozoicomonas numazuensis,genomic DNA,HC50,Haplosclerida gen. et sp.,Japan,type strain of Endozoicomonas numazuensis,AB695088.1,Endozoicomonas numazuensis gene for,16S ribosomal RNA,22544802,1466,"Shizuoka, Numazu",,,2001,,type strain of Endozoicomonas numazuensis,,,,,"fwd_name: 9F, fwd_seq: gagtttgatcctggctcag, rev_name: 1510R, rev_seq: ggctaccttgttacga",,,,,,,,,"Shizuoka, Numazu",AB695,1137799
uncultured Gammaproteobacteria bacterium,genomic DNA,,Sponge mesohyl,Croatia,,AM259915.1,Uncultured gamma proteobacterium partial,16S ribosomal RNA,17364249,1448,Adriatic Sea,CN34,,02-Apr-2003,,,,,16S rRNA,,,,,,,,,,,Adriatic Sea,AM259,86473
uncultured Gammaproteobacteria bacterium,genomic DNA,,Cystodytes dellechiajei,,,DQ884169.1,Uncultured gamma proteobacterium clone C19,16S ribosomal RNA,17222150,1489,Mediterranean Sea,C19,,,,,,,,,,,,,,,,,,,DQ884,86473
uncultured Gammaproteobacteria bacterium,genomic DNA,,Cystodytes dellechiajei,,,DQ884170.1,Uncultured gamma proteobacterium clone C23,16S ribosomal RNA,17222150,1486,Mediterranean Sea,C23,,,,,,,,,,,,,,,,,,,DQ884,86473
uncultured Gammaproteobacteria bacterium,genomic DNA,,Cystodytes dellechiajei,,,DQ884160.1,Uncultured gamma proteobacterium clone CRNA5,16S ribosomal RNA,17222150,413,Mediterranean Sea,CRNA5,,,,,,,,,,,,,,,,,,,DQ884,86473
uncultured bacterium,genomic DNA,,,Australia,,AY700600.1,Uncultured bacterium clone PDA-OTU2,16S ribosomal RNA,16011753,1500,Great Barrier Reef,PDA-OTU2,,,,,,,,,,,,,,,,,,Great Barrier Reef,AY700,77133
uncultured bacterium,genomic DNA,,,Australia,,AY700601.1,Uncultured bacterium clone PDA-OTU3,16S ribosomal RNA,16011753,1503,Great Barrier Reef,PDA-OTU3,,,,,,,,,,,,,,,,,,Great Barrier Reef,AY700,77133
uncultured bacterium,genomic DNA,,Montastraea faveolata,,,FJ202634.1,Uncultured bacterium clone SGUS1328,16S ribosomal RNA,19129866,1486,Montastraea faveolata kept in aquarium for 23 days,SGUS1328,,Aug-2006,,,,,,,,,,,,,,,,,FJ202,77133
uncultured bacterium,genomic DNA,,Porites compressa,USA,identical sequence found in Porites lobata,FJ930289.1,Uncultured bacterium clone C7-A01c,16S small subunit ribosomal RNA,,1412,West Maui,C7-A01c,,,,,,,,,,coral mucus clone library,,,,,,,,West Maui,FJ930,77133
Endozoicomonas elysicola MKT110,genomic DNA,MKT110,,,This strain is also named as strain:IAM 15107 and KCTC 12372; type strain of Endozoicimonas elysicola,AB196667.1,Endozoicimonas elysicola gene for,16S ribosomal RNA,16904280,1437,,,,,,type strain of Endozoicomonas elysicola,,,,,,,,,,,,,,,AB196,1091502
Endozoicomonas elysicola MKT110,genomic DNA,MKT110,,,This strain is also named as strain:IAM 15107 and KCTC 12372; type strain of Endozoicimonas elysicola,AB196667.1,Endozoicimonas elysicola gene for,16S ribosomal RNA,16904280,1437,,,,,,type strain of Endozoicomonas elysicola,,,,,,,,,,,,,,,AB196,1091502
Candidatus Endonucleobacter bathymodioli,genomic DNA,,Bathymodiolus brooksi,USA,,FM162182.1,Candidatus Endonucleobacter bathymodioli partial,16S ribosomal RNA,19226299,1409,"Gulf of Mexico, Atwater Valley cold seep",,,Oct-2003,,,,,16S rRNA,Sebastien Duperron,"fwd_name: bnix-64F, fwd_seq: agcggtaacaggtctagc, rev_name: GM4R, rev_seq: taccttgttacgactt",,gill,27.57 N 88.5 W,"Frank Zielinski, Silke Wetzel",,,,,"Gulf of Mexico, Atwater Valley cold seep",FM162,539814
Endozoicomonas numazuensis,genomic DNA,HC46,Haplosclerida gen. et sp.,Japan,,AB695089.1,Endozoicomonas numazuensis gene for,16S ribosomal RNA,22544802,1468,"Shizuoka, Numazu",,,2001,,,,,,,"fwd_name: 9F, fwd_seq: gagtttgatcctggctcag, rev_name: 1510R, rev_seq: ggctaccttgttacga",,,,,,,,,"Shizuoka, Numazu",AB695,1137799
Endozoicomonas sp.,genomic DNA,S-B4-1U,Sponge haliclona sp.,,,KX611231.1,Endozoicomonas sp. strain S-B4-1U,16S ribosomal RNA,,1447,,,,,,,,,,Jens-Ole Bartz,,,,,"Stefanie Glaeser, Jens-Ole Bartz",,,,,,KX611,1892382
Endozoicomonas sp. Ez302,genomic DNA,,Marine sponge,Portugal,,HE818343.1,Endozoicomonas sp. Ez302 partial,16S ribosomal RNA,23621863,1406,"Algarve, Gale Alta, Armacao de Pera",,,16-Jun-2010,,,,,16S rRNA,,,,,37.04 N 8.19 W,,Ez302,,,,"Algarve, Gale Alta, Armacao de Pera",HE818,1191983
Parendozoicomonas haliclonae,genomic DNA,JOB-63a,Sponge,Germany,,KY798517.1,Parendozoicomonas haliclonae strain JOB-63a,16S ribosomal RNA,29398077,1436,Sponge fragment,,,14-Jan-2016,,,,,,,,,,,,,172 m,,,,KY798,1960125
Candidatus Endonucleobacter bathymodioli,genomic DNA,,Bathymodiolus puteoserpentis,Atlantic Ocean,,FM162188.1,Candidatus Endonucleobacter bathymodioli partial,16S ribosomal RNA,19226299,1468,"Mid-Atlantic Ridge, Logatchev hydrothermal vent field, IRINA II site",,,31-Jan-2004,,,,,16S rRNA,"Frank Zielinski, Christian Borowski","fwd_name: GM3F, fwd_seq: agagtttgatcmtggc, rev_name: GM4R, rev_seq: taccttgttacgactt",,gill,14.75 N 44.98 W,Frank Zielinski,,,,,"Mid-Atlantic Ridge, Logatchev hydrothermal vent field, IRINA II site",FM162,539814
Candidatus Endonucleobacter bathymodioli,genomic DNA,,Bathymodiolus childressi,USA,,FM244838.1,Candidatus Endonucleobacter bathymodioli partial,16S ribosomal RNA,19226299,1435,"Gulf of Mexico, Mississippi Canyon cold seep",,,14-May-2006,,,,,16S rRNA,Jillian M Struck,"fwd_name: GM3, fwd_seq: agagtttgatcmtggc, rev_name: GM4, rev_seq: taccttgttacgactt",,gill,28.12 N 89.14 W,Luciana Raggi,,,adult,,"Gulf of Mexico, Mississippi Canyon cold seep",FM244,539814
Candidatus Endonucleobacter bathymodioli,genomic DNA,,Bathymodiolus brooksi,Mexico,,FM162184.1,Candidatus Endonucleobacter bathymodioli partial,16S ribosomal RNA,19226299,1409,"Gulf of Mexico, Campeche Knolls asphalt volcano, Chapopote site",,,Apr-2006,,,,,16S rRNA,,"fwd_name: bnix-64F, fwd_seq: agcggtaacaggtctagc, rev_name: GM4R, rev_seq: taccttgttacgactt",,gill,21.9 N 93.44 W,Luciana Raggi,,,,,"Gulf of Mexico, Campeche Knolls asphalt volcano, Chapopote site",FM162,539814
Candidatus Endonucleobacter bathymodioli,genomic DNA,,Bathymodiolus heckerae,USA,,FM162185.1,Candidatus Endonucleobacter bathymodioli partial,16S ribosomal RNA,19226299,1409,"Gulf of Mexico, West Florida Escarpment cold seep",,,Oct-2003,,,,,16S rRNA,Sebastien Duperron,"fwd_name: bnix-64F, fwd_seq: agcggtaacaggtctagc, rev_name: GM4R, rev_seq: taccttgttacgactt",,gill,26.03 N 84.92 W,Luciana Raggi,,,,,"Gulf of Mexico, West Florida Escarpment cold seep",FM162,539814
Kistimonas alittae,genomic DNA,BGP-2,Alitta succinea,USA,"PCR_primers=fwd_name: 530f, rev_name: 1492r",EU797579.3,Kistimonas alittae strain BGP-2,16S ribosomal RNA,18586977; 30484761,1416,gut,,,Jan-2006,,type strain of Kistimonas alittae,,,,,,,,32.752 N 79.898 W,,,,,,"South Carolina, Charleston Harbor, Grice Marine Laboratory, intertidal zone of Grice Cove",EU797,544926
Corallomonas stylophorae,genomic DNA,KTSW-6,,,"PCR_primers=fwd_name: FD1, rev_name: RD1",GU569894.1,Corallomonas stylophorae strain KTSW-6,16S ribosomal RNA,22685102,1466,ocean water,,,,,type strain of Corallomonas stylophorae,,,,,,,,,,,,,,,GU569,743737
Marinobacterium coralli,genomic DNA,R-40509,Mucus of apparently healthy coral,Brazil,type strain of Marinobacterium coralli,GU183820.1,Marinobacterium coralli strain R-40509,16S ribosomal RNA,20154332,1349,"Preta Beach, Sao Sebastiao Channel, Sao Paulo",,,02-Jan-2006,,type strain of Marinobacterium coralli,,,,,,,,23.8194 S 45.4103 W,,,,,LMG:25435,"Preta Beach, Sao Sebastiao Channel, Sao Paulo",GU183,693965
Endozoicomonas montiporae,genomic DNA,Ab112,Marine sponge,,,KJ372479.1,Endozoicomonas montiporae strain Ab112,16S ribosomal RNA,25024903,949,,,,,,,,,,,,,,,,,,,,,KJ372,1027273
