organism,mol_type,strain,host,db_xref,country,note,id,sequence_name,product,pubmed_ids,sequence_length,isolation_source,clone,environmental_sample,collection_date,colony,type_material,Project,BioProject,gene,collected_by,PCR_primers,clone_lib,tissue_type,lat_lon,identified_by,isolate,altitude,dev_stage,culture_collection,iso_source2,group
uncultured Gammaproteobacteria bacterium,genomic DNA,,Ianthella basta,taxon:86473,,"PCR_primers=fwd_name: 63F, rev_name: 1492R",GU784983.1,Uncultured gamma proteobacterium clone H2,16S ribosomal RNA,20622129,1371,,H2,,,,,,,,,,,,,,,,,,,GU784
uncultured Gammaproteobacteria bacterium,genomic DNA,,Sponge mesohyl,taxon:86473,Croatia,,AM259915.1,Uncultured gamma proteobacterium partial,16S ribosomal RNA,17364249,1448,Adriatic Sea,CN34,,02-Apr-2003,,,,,16S rRNA,,,,,,,,,,,Adriatic Sea,AM259
uncultured Gammaproteobacteria bacterium,genomic DNA,,Cystodytes dellechiajei,taxon:86473,,,DQ884169.1,Uncultured gamma proteobacterium clone C19,16S ribosomal RNA,17222150,1489,Mediterranean Sea,C19,,,,,,,,,,,,,,,,,,,DQ884
uncultured Gammaproteobacteria bacterium,genomic DNA,,Cystodytes dellechiajei,taxon:86473,,,DQ884170.1,Uncultured gamma proteobacterium clone C23,16S ribosomal RNA,17222150,1486,Mediterranean Sea,C23,,,,,,,,,,,,,,,,,,,DQ884
uncultured Gammaproteobacteria bacterium,genomic DNA,,Cystodytes dellechiajei,taxon:86473,,,DQ884160.1,Uncultured gamma proteobacterium clone CRNA5,16S ribosomal RNA,17222150,413,Mediterranean Sea,CRNA5,,,,,,,,,,,,,,,,,,,DQ884
Candidatus Endonucleobacter bathymodioli,genomic DNA,,Bathymodiolus brooksi,taxon:539814,USA,,FM162182.1,Candidatus Endonucleobacter bathymodioli partial,16S ribosomal RNA,19226299,1409,"Gulf of Mexico, Atwater Valley cold seep",,,Oct-2003,,,,,16S rRNA,Sebastien Duperron,"fwd_name: bnix-64F, fwd_seq: agcggtaacaggtctagc, rev_name: GM4R, rev_seq: taccttgttacgactt",,gill,27.57 N 88.5 W,"Frank Zielinski, Silke Wetzel",,,,,"Gulf of Mexico, Atwater Valley cold seep",FM162
Parendozoicomonas haliclonae,genomic DNA,JOB-63a,Sponge,taxon:1960125,Germany,,KY798517.1,Parendozoicomonas haliclonae strain JOB-63a,16S ribosomal RNA,29398077,1436,Sponge fragment,,,14-Jan-2016,,,,,,,,,,,,,172 m,,,,KY798
Candidatus Endonucleobacter bathymodioli,genomic DNA,,Bathymodiolus puteoserpentis,taxon:539814,Atlantic Ocean,,FM162188.1,Candidatus Endonucleobacter bathymodioli partial,16S ribosomal RNA,19226299,1468,"Mid-Atlantic Ridge, Logatchev hydrothermal vent field, IRINA II site",,,31-Jan-2004,,,,,16S rRNA,"Frank Zielinski, Christian Borowski","fwd_name: GM3F, fwd_seq: agagtttgatcmtggc, rev_name: GM4R, rev_seq: taccttgttacgactt",,gill,14.75 N 44.98 W,Frank Zielinski,,,,,"Mid-Atlantic Ridge, Logatchev hydrothermal vent field, IRINA II site",FM162
Candidatus Endonucleobacter bathymodioli,genomic DNA,,Bathymodiolus childressi,taxon:539814,USA,,FM244838.1,Candidatus Endonucleobacter bathymodioli partial,16S ribosomal RNA,19226299,1435,"Gulf of Mexico, Mississippi Canyon cold seep",,,14-May-2006,,,,,16S rRNA,Jillian M Struck,"fwd_name: GM3, fwd_seq: agagtttgatcmtggc, rev_name: GM4, rev_seq: taccttgttacgactt",,gill,28.12 N 89.14 W,Luciana Raggi,,,adult,,"Gulf of Mexico, Mississippi Canyon cold seep",FM244
Candidatus Endonucleobacter bathymodioli,genomic DNA,,Bathymodiolus brooksi,taxon:539814,Mexico,,FM162184.1,Candidatus Endonucleobacter bathymodioli partial,16S ribosomal RNA,19226299,1409,"Gulf of Mexico, Campeche Knolls asphalt volcano, Chapopote site",,,Apr-2006,,,,,16S rRNA,,"fwd_name: bnix-64F, fwd_seq: agcggtaacaggtctagc, rev_name: GM4R, rev_seq: taccttgttacgactt",,gill,21.9 N 93.44 W,Luciana Raggi,,,,,"Gulf of Mexico, Campeche Knolls asphalt volcano, Chapopote site",FM162
Candidatus Endonucleobacter bathymodioli,genomic DNA,,Bathymodiolus heckerae,taxon:539814,USA,,FM162185.1,Candidatus Endonucleobacter bathymodioli partial,16S ribosomal RNA,19226299,1409,"Gulf of Mexico, West Florida Escarpment cold seep",,,Oct-2003,,,,,16S rRNA,Sebastien Duperron,"fwd_name: bnix-64F, fwd_seq: agcggtaacaggtctagc, rev_name: GM4R, rev_seq: taccttgttacgactt",,gill,26.03 N 84.92 W,Luciana Raggi,,,,,"Gulf of Mexico, West Florida Escarpment cold seep",FM162
Kistimonas alittae,genomic DNA,BGP-2,Alitta succinea,taxon:544926,USA,"PCR_primers=fwd_name: 530f, rev_name: 1492r",EU797579.3,Kistimonas alittae strain BGP-2,16S ribosomal RNA,18586977; 30484761,1416,gut,,,Jan-2006,,type strain of Kistimonas alittae,,,,,,,,32.752 N 79.898 W,,,,,,"South Carolina, Charleston Harbor, Grice Marine Laboratory, intertidal zone of Grice Cove",EU797
Corallomonas stylophorae,genomic DNA,KTSW-6,,taxon:743737,,"PCR_primers=fwd_name: FD1, rev_name: RD1",GU569894.1,Corallomonas stylophorae strain KTSW-6,16S ribosomal RNA,22685102,1466,ocean water,,,,,type strain of Corallomonas stylophorae,,,,,,,,,,,,,,,GU569
Marinobacterium coralli,genomic DNA,R-40509,Mucus of apparently healthy coral,taxon:693965,Brazil,type strain of Marinobacterium coralli,GU183820.1,Marinobacterium coralli strain R-40509,16S ribosomal RNA,20154332,1349,"Preta Beach, Sao Sebastiao Channel, Sao Paulo",,,02-Jan-2006,,type strain of Marinobacterium coralli,,,,,,,,23.8194 S 45.4103 W,,,,,LMG:25435,"Preta Beach, Sao Sebastiao Channel, Sao Paulo",GU183
